{"cameraMode":{"drawMode":0,"name":"Shaded","section":"Shading Mode"},"sceneLighting":true,"audioPlay":false,"sceneViewState":{"m_AlwaysRefresh":false,"showFog":true,"showSkybox":true,"showFlares":true,"showImageEffects":true,"showParticleSystems":true,"showVisualEffectGraphs":true,"m_FxEnabled":true},"in2DMode":false,"pivot":{"x":25.426429748535158,"y":21.07724380493164,"z":3.271023750305176},"rotation":{"x":-0.14531804621219636,"y":0.8449670076370239,"z":0.2877150774002075,"w":0.42677342891693118},"size":107.71583557128906,"orthographic":false}